id;login;password_hash;first_name;last_name;email;image_url;activated;lang_key;created_by;last_modified_by;paid_user;gender
1;system;$2a$10$mE.qmcV0mFU5NcKh73TZx.z4ueI/.bDWbj0T1BYyqP481kGGarKLG;System;System;system@localhost;;true;en;system;system;false;0
2;anonymoususer;$2a$10$j8S5d7Sr7.8VTOYNviDPOeWX8KcYILUVJBsYV83Y5NtECayypx9lO;Anonymous;User;anonymous@localhost;;true;en;system;system;false;0
3;admin;$2a$10$gSAhZrxMllrbgj/kkK9UceBPpChGWJA7SYIb1Mqo.n5aNLq1/oRrC;Administrator;Administrator;admin@localhost;;true;en;system;system;false;0
4;user;$2a$10$VEjxo0jq2YG9Rbk2HmX9S.k1uZBGYUHdUcid3g/vfiEl7lwWgOH/K;User;User;user@localhost;;true;en;system;system;false;0
5;boy1;$2a$10$VEjxo0jq2YG9Rbk2HmX9S.k1uZBGYUHdUcid3g/vfiEl7lwWgOH/K;Tran;Anh;boy1@localhost;avatar/boy/1.jpg;true;en;anonymousUser;anonymousUser;false;0
6;boy2;$2a$10$VEjxo0jq2YG9Rbk2HmX9S.k1uZBGYUHdUcid3g/vfiEl7lwWgOH/K;Nguyen;Kim;boy2@localhost;avatar/boy/2.jpg;true;en;anonymousUser;anonymousUser;false;0
7;boy3;$2a$10$VEjxo0jq2YG9Rbk2HmX9S.k1uZBGYUHdUcid3g/vfiEl7lwWgOH/K;Hoang;Tuan;boy3@localhost;avatar/boy/3.jpg;true;en;anonymousUser;anonymousUser;false;0
8;boy4;$2a$10$VEjxo0jq2YG9Rbk2HmX9S.k1uZBGYUHdUcid3g/vfiEl7lwWgOH/K;Ho;Dong;boy4@localhost;avatar/boy/4.jpg;true;en;anonymousUser;anonymousUser;false;0
9;boy5;$2a$10$VEjxo0jq2YG9Rbk2HmX9S.k1uZBGYUHdUcid3g/vfiEl7lwWgOH/K;Pham;Hoang;boy5@localhost;avatar/boy/5.jpg;true;en;anonymousUser;anonymousUser;false;0
10;boy6;$2a$10$VEjxo0jq2YG9Rbk2HmX9S.k1uZBGYUHdUcid3g/vfiEl7lwWgOH/K;Van;Quang;boy6@localhost;avatar/boy/6.jpg;true;en;anonymousUser;anonymousUser;false;0
11;boy7;$2a$10$VEjxo0jq2YG9Rbk2HmX9S.k1uZBGYUHdUcid3g/vfiEl7lwWgOH/K;Hong;Cong;boy7@localhost;avatar/boy/7.jpg;true;en;anonymousUser;anonymousUser;false;0
12;boy8;$2a$10$VEjxo0jq2YG9Rbk2HmX9S.k1uZBGYUHdUcid3g/vfiEl7lwWgOH/K;Quang;Thang;boy8@localhost;avatar/boy/8.jpg;true;en;anonymousUser;anonymousUser;false;0
13;boy9;$2a$10$VEjxo0jq2YG9Rbk2HmX9S.k1uZBGYUHdUcid3g/vfiEl7lwWgOH/K;Kieu;Phong;boy9@localhost;avatar/boy/9.jpg;true;en;anonymousUser;anonymousUser;false;0
14;boy10;$2a$10$VEjxo0jq2YG9Rbk2HmX9S.k1uZBGYUHdUcid3g/vfiEl7lwWgOH/K;Trung;Duc;bo10y@localhost;avatar/boy/10.jpg;true;en;anonymousUser;anonymousUser;false;0
15;girl1;$2a$10$VEjxo0jq2YG9Rbk2HmX9S.k1uZBGYUHdUcid3g/vfiEl7lwWgOH/K;Hong;Nhung;girl1@localhost;avatar/girl/1.jpg;true;en;anonymousUser;anonymousUser;false;1
16;girl2;$2a$10$VEjxo0jq2YG9Rbk2HmX9S.k1uZBGYUHdUcid3g/vfiEl7lwWgOH/K;Phuong;Thanh;girl2@localhost;avatar/girl/2.jpg;true;en;anonymousUser;anonymousUser;false;1
17;girl3;$2a$10$VEjxo0jq2YG9Rbk2HmX9S.k1uZBGYUHdUcid3g/vfiEl7lwWgOH/K;Miu;Le;girl3@localhost;avatar/girl/3.jpg;true;en;anonymousUser;anonymousUser;false;1
18;girl4;$2a$10$VEjxo0jq2YG9Rbk2HmX9S.k1uZBGYUHdUcid3g/vfiEl7lwWgOH/K;Hari;Won;girl4@localhost;avatar/girl/4.jpg;true;en;anonymousUser;anonymousUser;false;1
19;girl5;$2a$10$VEjxo0jq2YG9Rbk2HmX9S.k1uZBGYUHdUcid3g/vfiEl7lwWgOH/K;Le;Quyen;girl5@localhost;avatar/girl/5.jpg;true;en;anonymousUser;anonymousUser;false;1
20;girl6;$2a$10$VEjxo0jq2YG9Rbk2HmX9S.k1uZBGYUHdUcid3g/vfiEl7lwWgOH/K;Ngoc;Ha;girl6@localhost;avatar/girl/6.jpg;true;en;anonymousUser;anonymousUser;false;1
21;girl7;$2a$10$VEjxo0jq2YG9Rbk2HmX9S.k1uZBGYUHdUcid3g/vfiEl7lwWgOH/K;Huyen;Thanh;girl7@localhost;avatar/girl/7.jpg;true;en;anonymousUser;anonymousUser;false;1
22;girl8;$2a$10$VEjxo0jq2YG9Rbk2HmX9S.k1uZBGYUHdUcid3g/vfiEl7lwWgOH/K;Chi;Pu;girl8@localhost;avatar/girl/8.jpg;true;en;anonymousUser;anonymousUser;false;1
23;girl9;$2a$10$VEjxo0jq2YG9Rbk2HmX9S.k1uZBGYUHdUcid3g/vfiEl7lwWgOH/K;Tram;Anh;girl9@localhost;avatar/girl/9.jpg;true;en;anonymousUser;anonymousUser;false;1
24;girl10;$2a$10$VEjxo0jq2YG9Rbk2HmX9S.k1uZBGYUHdUcid3g/vfiEl7lwWgOH/K;Hien;Thuc;girl10@localhost;avatar/girl/10.jpg;true;en;anonymousUser;anonymousUser;false;1
